Date,SPX,Gold,DBC_syn,DGS10,DGS20,DGS30,UST10,UST20,UST30
1/30/1970,85.02,34.94,95.08,7.75,6.96,,112.29,104.81,
2/27/1970,89.5,34.99,95.21,6.9,6.55,,120.06,110.31,
3/31/1970,89.63,35.09,95.4,7.08,6.68,,119.21,109.34,
4/30/1970,81.52,35.62,95.51,7.82,7.07,,114.05,105.54,
5/29/1970,76.55,35.95,95.44,7.95,7.46,,113.77,102.02,
6/30/1970,72.72,35.42,95.1,7.68,7.11,,116.64,106.52,
7/31/1970,78.05,35.32,95.21,7.38,6.91,,119.83,109.46,
8/31/1970,81.52,35.38,95.27,7.49,7,,119.64,109.02,
9/30/1970,84.3,36.19,95.8,7.29,6.81,,122.05,111.92,
10/30/1970,83.25,37.52,96.32,7.33,6.9,,122.43,111.46,
11/30/1970,87.2,37.44,96.42,6.49,6.39,,130.92,118.70,
12/31/1970,92.15,37.44,96.38,6.5,6.45,,131.51,118.53,
1/29/1971,95.88,37.88,115.5,6.09,6.07,,136.27,124.48,
2/26/1971,96.75,38.74,115.66,6.14,6.24,,136.44,122.73,
3/31/1971,100.31,38.87,116.29,5.53,5.83,,143.63,129.44,
4/30/1971,103.95,39.01,116.43,6.08,6.1,,138.57,126.14,
5/31/1971,99.63,40.52,116.74,6.38,6.27,,136.26,124.37,
6/30/1971,98.7,40.1,116.71,6.7,6.44,,133.87,122.67,
7/30/1971,95.58,40.95,121.47,6.85,6.43,,133.16,123.45,
8/31/1971,99.03,42.71,121.84,6.28,6.09,,139.62,129.04,
9/30/1971,98.34,42.03,120.62,6,5.97,,143.28,131.49,
10/29/1971,94.23,42.5,120.81,5.87,5.87,,145.38,133.67,
11/30/1971,93.99,42.86,120.95,5.93,5.95,,145.42,133.08,
12/31/1971,102.09,43.48,121.97,5.89,5.99,,146.56,133.11,
1/31/1972,103.94,45.75,124.58,6.09,6.09,,145.11,132.24,
2/29/1972,106.57,48.26,125.43,6.04,6.03,,146.36,133.81,
3/31/1972,107.2,48.33,126.11,6.12,6.11,,146.22,133.25,
4/28/1972,107.67,49.03,126.59,6.14,6.12,,146.73,133.75,
5/31/1972,109.53,54.62,126.71,6.05,5.96,,148.44,136.93,
6/30/1972,107.14,62.09,127.27,6.15,6.05,,148.08,136.18,
7/31/1972,107.39,65.66,132.07,6.12,5.98,,149.15,137.96,
8/31/1972,111.09,67.03,133.26,6.42,5.99,,146.67,138.47,
9/29/1972,110.55,65.46,136.08,6.54,6.09,,146.16,137.57,
10/31/1972,111.58,64.86,137.55,6.41,5.93,,148.33,140.84,
11/30/1972,116.67,62.91,138.66,6.28,5.82,,150.52,143.35,
12/29/1972,118.05,63.91,143.1,6.41,6.03,,149.87,140.62,
1/31/1973,116.03,65.14,156.43,6.54,6.86,,148.64,129.07,
2/28/1973,111.68,74.2,160.08,6.64,6.9,,147.75,128.73,
3/30/1973,111.52,84.37,164.54,6.73,6.89,,146.98,129.08,
4/30/1973,106.97,90.5,178.79,6.7,6.91,,147.47,129.01,
5/31/1973,104.95,101.96,185.85,6.93,7.05,,145.25,127.33,
6/29/1973,104.26,120.12,196.33,6.94,7.13,,145.33,126.47,
7/31/1973,108.22,120.17,214.58,7.43,7.63,,140.65,120.48,
8/31/1973,104.25,106.76,230.58,7.25,7.35,,142.61,124.26,
9/28/1973,108.43,102.97,226.88,6.9,7.05,,146.40,128.53,
10/31/1973,108.29,100.08,292.36,6.71,7.3,,148.59,125.45,
11/30/1973,95.96,94.92,297.19,6.69,7.22,,148.99,126.72,
12/31/1973,97.55,106.72,304.86,6.9,7.38,,146.95,124.85,
1/31/1974,96.57,129.19,675.7,7,7.48,,146.09,123.78,
2/28/1974,96.22,150.13,716.47,7.01,7.57,,146.16,122.86,
3/29/1974,93.98,168.42,725.42,7.41,7.89,,142.33,119.23,
4/30/1974,90.31,172.24,646.04,7.66,8.19,,140.08,116.01,
5/31/1974,87.28,163.27,641.07,7.52,8.13,,141.61,116.89,
6/28/1974,86,154.1,639.16,7.64,8.17,,140.62,116.63,
7/31/1974,79.31,142.98,619.43,7.89,8.33,,138.41,115.04,
8/30/1974,72.15,154.64,634.4,8.11,8.64,,136.54,111.94,
9/30/1974,63.54,151.75,623.71,7.94,8.49,,138.30,113.74,
10/31/1974,73.9,158.78,653.32,7.79,8.12,,139.89,118.17,
11/29/1974,69.97,181.66,672.88,7.64,7.96,,141.52,120.27,
12/31/1974,68.56,183.78,659.34,7.4,7.93,,144.09,120.82,
1/31/1975,76.98,176.27,643.35,7.53,7.82,,142.97,122.37,
2/28/1975,81.59,179.6,634.25,7.46,7.72,,143.84,123.82,
3/31/1975,83.36,178.16,624.93,8.01,8.24,,138.77,118.00,
4/30/1975,87.3,169.84,614.86,8.31,8.44,,136.18,115.97,
5/30/1975,91.15,167.39,596.12,8.04,8.2,,138.87,118.92,
6/30/1975,95.19,164.24,585.86,7.96,8.09,,139.79,120.41,
7/31/1975,88.75,165.17,605.25,8.2,8.31,,137.73,118.09,
8/29/1975,86.88,163,619.86,8.22,8.42,,137.71,117.05,
9/30/1975,83.87,144.17,603.72,8.48,8.61,,135.52,115.17,
10/31/1975,89.04,142.79,594.31,7.91,8.15,,141.08,120.72,
11/28/1975,91.24,142.42,584.12,8.14,8.34,,139.08,118.74,
12/31/1975,90.19,139.3,578.24,7.76,8.04,,142.94,122.53,
1/30/1976,100.86,131.05,611.46,7.8,8,,142.72,123.21,
2/27/1976,99.71,131.06,615.86,7.77,8.02,,143.19,123.18,
3/31/1976,102.77,132.76,621.97,7.66,7.9,,144.45,124.87,
4/30/1976,101.64,127.94,621.8,7.67,7.99,,144.52,123.97,
5/31/1976,100.18,126.92,624.26,7.96,8.19,,141.88,121.79,
6/30/1976,104.28,125.71,628.99,7.86,8.02,,143.03,124.06,
7/30/1976,103.44,117.73,634.94,7.86,8.04,,143.20,124.02,
8/31/1976,102.91,109.93,610.28,7.66,7.81,,145.36,127.14,
9/30/1976,105.24,114.15,605.06,7.55,7.75,,146.65,128.12,
10/29/1976,102.9,116.15,604.7,7.42,7.72,,148.16,128.72,
11/30/1976,102.1,130.46,606.83,7.01,7.44,,152.74,132.73,
12/31/1976,107.46,133.93,610.75,6.81,7.17,,155.13,136.81,
1/31/1977,102.03,132.26,639.99,7.4,7.61,,149.10,131.10,
2/28/1977,99.82,136.24,645.69,7.45,7.73,7.8,148.76,129.75,100
3/31/1977,98.42,148.23,657.51,7.42,7.72,7.79,149.25,130.09,100.29
4/29/1977,98.44,149.17,658.06,7.45,7.72,7.8,149.12,130.31,100.34
5/31/1977,96.12,146.61,643.75,7.38,7.68,7.74,150.03,131.05,101.21
6/30/1977,100.48,140.78,628.23,7.2,7.57,7.58,152.12,132.75,103.33
7/29/1977,98.85,143.39,628.98,7.42,7.68,7.72,150.00,131.51,101.85
8/31/1977,96.77,144.94,626.54,7.28,7.53,7.6,151.66,133.77,103.48
9/30/1977,96.53,149.53,625.9,7.41,7.61,7.68,150.47,132.91,102.69
10/31/1977,92.34,158.95,634.4,7.62,7.76,7.83,148.49,131.14,101.13
11/30/1977,94.83,162.1,646.96,7.55,7.75,7.83,149.39,131.49,101.30
12/30/1977,95.1,160.45,656.47,7.78,7.98,8.03,147.24,128.76,99.23
1/31/1978,89.25,173.18,665.08,7.94,8.16,8.18,145.82,126.73,97.77
2/28/1978,87.04,178.14,668.79,8.04,8.21,8.25,145.01,126.33,97.19
3/31/1978,89.21,183.61,682.28,8.15,8.31,8.33,144.11,125.32,96.51
4/28/1978,96.83,175.28,688.83,8.24,8.37,8.39,143.42,124.81,96.04
5/31/1978,97.24,176.31,685.46,8.42,8.5,8.5,141.88,123.48,95.08
6/30/1978,95.53,183.75,690.32,8.62,8.67,8.62,140.19,121.73,94.04
7/31/1978,100.68,188.73,690.52,8.56,8.59,8.56,140.92,122.86,94.81
8/31/1978,103.29,206.3,702.66,8.39,8.43,8.46,142.70,124.97,96.00
9/29/1978,102.54,212.08,712.81,8.56,8.63,8.61,141.28,122.85,94.65
10/31/1978,93.15,227.44,734.04,8.96,8.9,8.87,137.83,120.04,92.31
11/30/1978,94.7,206.2,733.66,8.86,8.8,8.8,138.90,121.37,93.15
12/29/1978,96.11,207.85,775.43,9.15,8.99,8.96,136.50,119.47,91.79
1/31/1979,99.93,227.28,828.53,8.95,8.9,8.85,138.45,120.67,93.01
2/28/1979,96.28,245.67,958.85,9.17,9.12,9.08,136.67,118.49,91.03
3/30/1979,101.59,242.05,1000.75,9.11,9.07,9.02,137.37,119.23,91.75
4/30/1979,101.76,239.11,1005.56,9.35,9.26,9.22,135.44,117.41,90.08
5/31/1979,99.08,257.59,1353.72,9.06,9.08,9.08,138.19,119.56,91.54
6/29/1979,102.91,279.07,1363.73,8.81,8.82,8.83,140.64,122.71,94.16
7/31/1979,103.81,294.74,1356.65,9.01,8.98,8.99,139.00,121.12,92.78
8/31/1979,109.32,300.82,1358.65,9.24,9.1,9.09,137.13,120.01,92.00
9/28/1979,109.32,354.95,1455.37,9.44,9.31,9.25,135.56,117.97,90.69
10/31/1979,101.82,391.66,1514.97,10.72,10.4,10.19,125.79,108.22,83.56
11/30/1979,106.16,391.99,1599.17,10.38,10.1,10.09,128.60,111.22,84.50
12/31/1979,107.94,455.08,1643.62,10.33,10.16,10.11,129.15,110.84,84.48
1/31/1980,114.16,675.31,1725.95,11.13,11.16,11.09,123.37,102.79,78.03
2/29/1980,113.66,665.32,1713.75,12.72,12.12,12.25,113.28,96.04,71.62
3/31/1980,102.09,553.58,1616.99,12.64,12.44,12.31,113.93,93.99,71.40
4/30/1980,106.29,517.41,1559.95,10.76,10.92,10.89,128.00,106.83,81.51
5/30/1980,111.24,513.8,1605.05,10.25,10.46,10.37,132.27,111.21,85.71
6/30/1980,114.24,600.72,1635.4,10.09,10.08,9.99,133.75,115.10,89.05
7/31/1980,121.67,643.27,1610.25,10.76,10.8,10.8,128.65,108.87,83.24
8/29/1980,122.38,627.15,1600.03,11.55,11.42,11.27,123.06,103.99,80.17
9/30/1980,125.46,673.63,1634.5,11.86,11.84,11.7,121.04,100.93,77.55
10/31/1980,127.47,661.15,1785.87,12.46,12.38,12.23,117.19,97.23,74.55
11/28/1980,140.52,624.77,1856.52,12.72,12.38,12.32,115.66,97.39,74.15
12/31/1980,135.76,538.26,1761.32,12.43,12.09,11.98,117.71,99.70,76.37
1/30/1981,129.55,557.39,1764.28,12.68,12.46,12.28,116.22,97.23,74.73
2/27/1981,131.27,499.76,1661.02,13.43,13.18,12.97,111.78,92.71,71.17
3/31/1981,136,499.11,1640.12,13.13,12.95,12.65,113.77,94.39,73.09
4/30/1981,132.81,495.8,1602.01,14.11,13.87,13.65,108.25,89.03,68.32
5/29/1981,132.59,479.7,1515.21,13.5,13.31,13.06,112.04,92.75,71.59
6/30/1981,131.21,461.09,1472.77,13.86,13.59,13.3,110.05,91.16,70.46
7/31/1981,130.92,409.07,1449.15,14.67,14.31,13.96,105.73,87.19,67.46
8/31/1981,122.79,410.16,1460.64,15.41,15.15,14.78,102.04,82.98,64.08
9/30/1981,116.18,443.75,1450.95,15.84,15.78,15.19,100.03,80.07,62.52
10/30/1981,121.89,437.76,1453.54,14.63,14.75,14.36,106.69,85.77,66.39
11/30/1981,126.35,413.37,1490.32,13.13,13.13,12.91,116.11,96.61,74.55
12/31/1981,122.55,410.09,1488.25,13.98,14.04,13.65,111.19,91.24,70.92
1/29/1982,120.4,384.14,1476.11,14.14,14.21,13.91,110.40,90.37,69.76
2/26/1982,113.11,374.13,1380.17,14.03,14.09,13.83,111.17,91.25,70.28
3/31/1982,111.96,330.25,1305.48,14.18,13.89,13.68,110.44,92.64,71.16
4/30/1982,116.44,350.3,1372.08,13.87,13.57,13.39,112.41,94.86,72.82
5/31/1982,111.88,333.71,1430.8,13.71,13.63,13.39,113.52,94.63,72.94
6/30/1982,109.61,314.98,1376.42,14.44,14.18,13.91,109.46,91.46,70.48
7/30/1982,107.09,338.97,1377.37,13.68,13.63,13.42,114.19,95.15,73.21
8/31/1982,119.51,364.23,1373.11,12.81,12.59,12.5,120.03,102.94,78.95
9/30/1982,120.42,437.31,1437.52,11.73,11.65,11.79,128.02,111.00,83.94
10/29/1982,133.72,422.15,1435.56,10.71,10.79,11.01,136.41,119.39,90.16
11/30/1982,138.53,414.89,1409.78,10.79,10.79,10.7,135.92,119.59,92.87
12/31/1982,140.64,444.5,1384.27,10.36,10.62,10.43,139.73,121.48,95.38
1/31/1983,145.3,481.29,1416.03,10.8,11.14,10.99,137.25,117.65,91.72
2/28/1983,148.06,491.09,1407.29,10.27,10.62,10.51,143.01,123.90,96.68
3/31/1983,152.96,419.7,1364.69,10.62,10.84,10.69,141.18,122.77,95.96
4/29/1983,164.43,432.88,1400.03,10.27,10.52,10.38,145.46,127.15,99.57
5/31/1983,162.39,438.01,1403.19,10.81,11.12,10.97,142.03,122.38,95.51
6/30/1983,167.64,412.84,1386.59,10.96,11.2,11.01,141.98,122.69,96.01
7/29/1983,162.56,402.91,1395.54,11.76,12.01,11.8,136.85,116.69,91.01
8/31/1983,164.4,416.2,1432.88,11.98,12.15,11.96,136.42,116.59,90.70
9/30/1983,166.07,411.8,1428.46,11.44,11.64,11.44,142.13,122.43,95.70
10/31/1983,163.55,393.6,1403.88,11.74,11.93,11.78,140.97,120.93,93.97
11/30/1983,166.4,381.7,1382.83,11.63,11.83,11.67,143.19,122.99,95.71
12/30/1983,164.93,388.34,1384.22,11.82,11.98,11.87,142.95,122.77,95.05
1/31/1984,163.41,370.89,1365.58,11.67,11.82,11.78,145.54,125.44,96.65
2/29/1984,157.06,385.96,1369.33,12.04,12.21,12.14,143.85,123.07,94.85
3/30/1984,159.18,394.26,1390.43,12.53,12.51,12.52,141.34,121.62,93.03
4/30/1984,160.05,381.37,1389.74,12.82,12.88,12.86,140.49,119.68,91.61
5/31/1984,150.55,377.4,1384.16,13.91,13.83,13.84,134.11,113.67,86.60
6/29/1984,153.18,377.7,1363.27,13.84,13.77,13.64,136.08,115.37,88.80
7/31/1984,150.66,347.71,1308.21,12.91,12.94,12.87,144.81,123.75,95.23
8/31/1984,166.68,347.7,1308.18,12.79,12.7,12.51,147.25,127.18,98.94
9/28/1984,166.1,340.2,1301.97,12.47,12.37,12.28,151.43,131.61,101.75
10/31/1984,166.09,341,1290.32,11.79,11.71,11.64,159.04,139.83,108.42
11/30/1984,163.58,342,1301.65,11.58,11.71,11.58,162.49,141.12,109.96
12/31/1984,167.24,319.54,1273.33,11.55,11.7,11.54,164.26,142.54,111.34
1/31/1985,179.63,302.79,1280.04,11.17,11.3,11.21,169.53,148.46,115.60
2/28/1985,181.18,299.1,1277.04,11.91,12.13,11.9,164.02,141.08,110.48
3/29/1985,180.66,313.5,1281.06,11.65,11.89,11.64,168.08,145.03,113.95
4/30/1985,179.83,326.8,1279.11,11.41,11.7,11.48,172.02,148.54,116.56
5/31/1985,189.55,316,1236.24,10.28,10.7,10.58,186.12,162.88,127.81
6/28/1985,191.85,316.5,1216.87,10.25,10.61,10.47,187.99,165.48,130.18
7/31/1985,190.92,317.2,1213.9,10.57,10.89,10.7,185.91,163.20,128.64
8/30/1985,188.63,330.4,1218.98,10.28,10.67,10.48,190.83,167.60,132.36
9/30/1985,182.08,323.35,1203.49,10.31,10.75,10.57,192.04,167.93,132.39
10/31/1985,189.82,325.85,1213.22,10.01,10.45,10.28,197.26,173.64,137.15
11/29/1985,202.17,321.5,1220.21,9.59,10.07,9.86,204.18,180.87,143.99
12/31/1985,211.28,321.9,1226.55,9,9.5,9.27,213.78,191.84,154.16
1/31/1986,211.78,347.48,1213.86,9.08,9.48,9.34,214.21,193.64,154.23
2/28/1986,226.92,338.89,925.18,8.13,8.34,8.27,230.10,218.19,175.58
3/31/1986,238.9,345.7,818.84,7.39,7.46,7.44,243.88,240.77,195.74
4/30/1986,235.52,340.44,770.32,7.38,7.55,7.47,245.51,240.01,196.21
5/30/1986,247.35,342.4,814.15,8.05,7.9,7.74,236.15,233.32,191.43
6/30/1986,250.84,342.7,758.14,7.35,7.3,7.24,249.60,250.08,204.93
7/31/1986,236.12,348.34,655.69,7.34,7.42,7.46,251.25,248.47,200.89
8/29/1986,252.93,376.66,856.54,6.95,7.12,7.21,259.84,258.03,208.40
9/30/1986,231.32,417.73,907.86,7.45,7.55,7.6,252.46,248.52,200.46
10/31/1986,243.98,423.51,911.36,7.34,7.54,7.61,255.93,250.29,201.46
11/28/1986,249.22,397.56,920.07,7.15,7.3,7.41,260.90,258.19,207.62
12/31/1986,242.17,390.92,969.31,7.23,7.39,7.49,260.95,257.32,206.91
1/30/1987,274.08,408.26,1058.48,7.18,7.33,7.48,263.39,260.47,208.40
2/27/1987,284.2,401.12,1047.52,7.19,7.34,7.48,264.73,261.74,209.66
3/31/1987,291.7,408.91,1065.56,7.51,7.66,7.81,260.47,254.99,203.23
4/30/1987,288.36,438.35,1083.66,8.21,8.33,8.45,250.15,240.88,191.31
5/29/1987,290.1,460.23,1111.65,8.49,8.57,8.65,247.20,237.10,188.62
6/30/1987,304,449.59,1111.09,8.38,8.45,8.51,250.71,241.48,192.82
7/31/1987,318.66,450.52,1130.04,8.66,8.78,8.89,247.82,235.84,186.78
8/31/1987,329.8,461.15,1121.96,9,9.09,9.17,244.14,230.97,182.94
9/30/1987,321.83,460.38,1113.27,9.63,9.71,9.79,236.43,220.65,173.96
10/30/1987,251.79,465.35,1128.98,8.88,8.96,9.03,250.22,238.45,189.93
11/30/1987,230.3,467.57,1126.47,8.99,9.05,9.1,250.21,238.21,189.95
12/31/1987,247.08,486.24,1114.49,8.83,8.89,8.95,254.66,243.51,194.33
1/29/1988,257.07,476.58,1118.33,8.26,8.34,8.42,266.45,258.69,207.52
2/29/1988,267.82,442.07,1097.41,8.16,8.28,8.39,270.03,261.93,209.61
3/31/1988,258.89,443.61,1040.86,8.57,8.7,8.82,264.59,253.65,201.96
4/29/1988,261.33,451.55,1115.68,8.87,8.99,9.11,261.29,248.78,197.57
5/31/1988,262.16,451.07,1134.12,9.2,9.25,9.3,257.67,244.84,195.31
6/30/1988,273.5,451.33,1147.52,8.82,8.85,8.87,266.09,256.02,205.90
7/29/1988,272.02,437.63,1088.45,9.12,9.18,9.23,262.87,250.34,200.12
8/31/1988,261.52,431.28,1089.95,9.25,9.28,9.31,262.60,249.93,200.00
9/30/1988,271.91,413.46,1019.18,8.87,8.93,8.98,271.18,260.08,208.53
10/31/1988,278.97,406.78,968.03,8.65,8.7,8.74,277.08,267.66,215.44
11/30/1988,273.7,420.17,994.57,9.06,9.07,9.07,271.77,260.70,209.89
12/30/1988,277.72,419.05,1100.11,9.14,9.07,9,272.34,262.59,212.94
1/31/1989,297.47,404.01,1197.45,9.01,8.93,8.84,276.65,267.93,218.10
2/28/1989,288.86,387.51,1193.64,9.32,9.23,9.14,273.21,262.73,213.17
3/31/1989,294.87,390.15,1262.59,9.3,9.21,9.11,275.60,265.14,215.38
4/28/1989,309.64,384.4,1286.54,9.02,8.97,8.91,282.73,273.07,221.52
5/31/1989,320.52,371.05,1227.08,8.6,8.6,8.6,292.77,284.85,230.68
6/30/1989,317.98,367.6,1194.57,8.1,8.08,8.05,304.91,301.95,247.37
7/31/1989,346.08,375.04,1193.95,7.82,7.87,7.92,312.82,310.35,252.69
8/31/1989,351.45,365.14,1168.95,8.26,8.24,8.21,305.72,301.45,246.41
9/29/1989,349.15,361.75,1190.2,8.31,8.28,8.24,306.73,302.28,247.22
10/31/1989,340.36,366.88,1216.05,7.92,7.92,7.92,317.07,315.42,258.18
11/30/1989,345.99,394.26,1214.77,7.84,7.87,7.9,320.84,319.01,260.42
12/29/1989,353.4,409.39,1252.72,7.93,7.96,7.98,320.90,318.20,259.73
1/31/1990,329.08,410.11,1257.17,8.43,8.45,8.46,312.48,305.85,248.54
2/28/1990,331.89,416.81,1227.64,8.51,8.53,8.54,312.94,305.60,248.11
3/30/1990,339.94,393.06,1197.21,8.65,8.64,8.63,312.20,304.55,247.45
4/30/1990,330.8,374.24,1136.83,9.04,9.02,9,306.60,296.31,240.05
5/31/1990,361.23,369.05,1146.59,8.6,8.59,8.58,317.92,310.90,253.04
6/29/1990,358.02,352.33,1065.24,8.43,8.42,8.41,323.74,318.18,259.54
7/31/1990,356.15,362.53,1151.07,8.36,8.39,8.42,327.45,321.25,261.01
8/31/1990,322.56,394.73,1560.95,8.86,8.93,8.99,319.17,308.00,248.26
9/28/1990,306.05,389.32,1744.89,8.82,8.89,8.96,322.27,311.34,250.82
10/31/1990,304,380.74,1758.21,8.65,8.72,8.78,328.20,318.59,257.45
11/30/1990,322.22,381.73,1618.9,8.26,8.33,8.4,339.22,333.16,270.34
12/31/1990,330.22,376.95,1459.43,8.08,8.17,8.26,345.64,340.66,276.40
1/31/1991,343.93,383.64,1317.54,8.03,8.12,8.21,349.06,344.58,279.77
2/28/1991,367.07,363.83,1126.74,8.02,8.11,8.19,351.55,347.16,282.24
3/29/1991,375.22,363.34,1151.34,8.05,8.15,8.24,353.10,348.07,282.55
4/30/1991,375.34,358.38,1172.9,8.02,8.11,8.2,356.11,351.72,285.68
5/31/1991,389.83,356.95,1183.4,8.06,8.16,8.26,357.44,352.30,285.68
6/28/1991,371.16,366.72,1161.93,8.24,8.33,8.42,355.47,348.90,282.68
7/31/1991,387.81,367.69,1192.76,8.2,8.28,8.36,358.78,352.93,286.46
8/30/1991,395.43,356.31,1214.51,7.82,7.94,8.06,370.64,367.51,298.35
9/30/1991,387.86,348.74,1271.35,7.47,7.65,7.82,382.14,380.92,308.73
10/31/1991,392.45,358.69,1325.4,7.47,7.69,7.91,384.44,381.73,307.54
11/29/1991,375.22,360.17,1314.17,7.38,7.66,7.94,389.18,385.26,308.45
12/31/1991,417.09,361.73,1199.1,6.71,7.06,7.41,410.85,413.34,331.14
1/31/1992,408.78,354.45,1202.12,7.31,7.54,7.77,396.27,396.12,319.87
2/28/1992,412.7,353.91,1236.98,7.27,7.54,7.8,399.72,398.52,320.76
3/31/1992,403.69,344.34,1235.23,7.54,7.75,7.96,394.67,392.64,317.05
4/30/1992,414.95,338.62,1267.65,7.61,7.84,8.06,395.16,391.57,315.55
5/29/1992,415.35,337.24,1300.68,7.33,7.59,7.84,405.43,404.22,325.75
6/30/1992,408.14,340.81,1360.42,7.14,7.47,7.79,413.31,411.74,329.70
7/31/1992,424.21,352.72,1331.4,6.72,7.09,7.46,428.43,431.29,345.20
8/31/1992,414.03,343.06,1290.41,6.62,7.02,7.42,433.87,437.00,348.94
9/30/1992,417.8,345.43,1319.61,6.37,6.88,7.38,444.21,446.14,352.71
10/30/1992,418.68,344.38,1301.36,6.8,7.22,7.63,433.08,433.11,344.75
11/30/1992,431.35,335.02,1254.32,6.95,7.27,7.59,430.86,433.38,348.50
12/31/1992,435.71,334.82,1224.41,6.7,7.05,7.4,441.13,446.24,358.73
1/29/1993,438.78,329.01,1187.87,6.39,6.8,7.21,453.65,461.11,369.38
2/26/1993,443.38,329.31,1215.63,6.03,6.47,6.9,468.33,481.03,386.47
3/31/1993,451.67,330.08,1222.83,6.03,6.48,6.93,470.62,483.01,387.17
4/30/1993,440.19,342.15,1220.59,6.05,6.5,6.95,472.23,484.48,388.37
5/31/1993,450.19,367.18,1206.48,6.16,6.57,6.98,470.73,483.30,389.10
6/30/1993,450.53,371.89,1176.6,5.8,6.24,6.68,486.01,504.43,406.87
7/30/1993,448.13,392.19,1151.63,5.83,6.2,6.57,487.21,509.28,414.98
8/31/1993,463.56,378.84,1166.42,5.45,5.77,6.09,503.90,538.53,446.13
9/30/1993,458.93,355.28,1126.85,5.4,5.72,6.04,508.06,544.25,451.43
10/29/1993,467.83,364.18,1153.21,5.43,6.12,5.96,509.13,522.67,458.71
11/30/1993,461.79,373.83,1122.51,5.83,6.46,6.29,496.40,506.00,441.44
12/31/1993,466.45,383.3,1077.51,5.83,6.48,6.35,498.74,507.52,440.19
1/31/1994,481.61,386.88,1131.42,5.7,6.29,6.23,506.03,521.24,449.69
2/28/1994,467.14,381.91,1110.81,6.15,6.75,6.67,491.90,498.73,427.77
3/31/1994,445.77,384.13,1081.48,6.77,7.23,7.11,473.07,477.26,408.02
4/29/1994,450.91,377.27,1149.86,7.06,7.44,7.31,466.06,469.87,400.72
5/31/1994,456.5,381.43,1205.98,7.17,7.58,7.44,465.12,466.04,396.95
6/30/1994,444.27,385.64,1258.26,7.34,7.75,7.63,462.32,461.00,390.67
7/29/1994,458.26,385.49,1285.45,7.12,7.46,7.39,472.32,477.96,404.62
8/31/1994,475.49,380.36,1261.21,7.19,7.6,7.46,472.71,474.08,403.68
9/30/1994,462.71,391.58,1260.88,7.62,7.98,7.82,461.68,459.63,390.03
10/31/1994,472.35,389.77,1278.21,7.81,8.09,7.97,458.55,457.66,385.95
11/30/1994,453.69,384.39,1318.72,7.91,8.1,7.99,458.32,460.18,387.55
12/30/1994,459.27,379.29,1265.9,7.84,8.02,7.89,463.44,466.84,394.52
1/31/1995,470.42,378.55,1332.35,7.6,7.81,7.71,474.14,479.85,405.44
2/28/1995,487.39,376.64,1341.51,7.22,7.58,7.46,489.93,494.33,420.37
3/31/1995,500.71,382.12,1331.01,7.2,7.54,7.44,493.48,499.38,423.91
4/28/1995,514.71,391.03,1382.25,7.07,7.42,7.34,500.92,508.67,431.62
5/31/1995,533.4,385.22,1379.59,6.3,6.72,6.67,533.08,552.70,474.43
6/30/1995,544.75,387.56,1351.73,6.21,6.64,6.63,539.35,560.59,479.46
7/31/1995,562.06,386.23,1321.5,6.45,6.88,6.86,532.73,549.38,468.46
8/31/1995,561.88,383.67,1331.66,6.28,6.72,6.65,542.22,562.14,484.09
9/29/1995,584.41,383.06,1346.83,6.17,6.6,6.49,549.40,572.70,497.06
10/31/1995,581.5,383.14,1315.4,6.03,6.4,6.34,557.90,588.78,509.81
11/30/1995,605.37,385.31,1354.14,5.76,6.2,6.14,572.10,605.44,526.68
12/29/1995,615.93,387.44,1420.14,5.58,6.01,5.96,582.65,621.97,542.78
1/31/1996,636.02,399.45,1405.27,5.6,6.07,6.03,584.41,620.74,540.21
2/29/1996,640.43,404.76,1391.01,6.13,6.57,6.48,564.73,590.87,512.61
3/29/1996,645.5,396.21,1434.96,6.34,6.83,6.67,558.94,577.73,503.02
4/30/1996,654.17,392.85,1503.13,6.66,7.06,6.89,549.09,567.05,492.13
5/31/1996,669.12,391.93,1471.83,6.85,7.17,7,544.64,563.76,488.21
6/28/1996,670.63,385.27,1426.33,6.73,7.03,6.9,552.39,575.52,497.19
7/31/1996,639.95,383.47,1436.26,6.8,7.07,6.98,552.63,576.35,495.04
8/30/1996,651.99,387.35,1477.2,6.96,7.28,7.13,549.42,567.20,488.84
9/30/1996,687.33,383.14,1524.45,6.72,7.05,6.93,562.10,584.65,504.22
10/31/1996,705.27,381.07,1572.23,6.37,6.74,6.66,579.77,608.21,525.18
11/29/1996,757.02,377.85,1550.75,6.06,6.45,6.36,596.29,631.64,549.77
12/31/1996,740.74,369,1582.49,6.43,6.73,6.65,583.40,616.08,532.70
1/31/1997,786.16,355.11,1576.74,6.53,6.86,6.8,582.22,610.87,525.58
2/28/1997,790.82,346.58,1470.12,6.56,6.91,6.8,584.04,610.99,528.47
3/31/1997,757.12,351.81,1467.01,6.92,7.22,7.1,572.39,594.99,512.46
4/30/1997,801.34,344.47,1406.84,6.72,7.05,6.95,583.90,609.36,525.20
5/30/1997,848.28,343.84,1474.08,6.67,6.99,6.92,589.19,616.75,530.14
6/30/1997,885.14,340.76,1397.28,6.51,6.86,6.8,599.26,628.98,541.32
7/31/1997,954.31,324.1,1388.18,6.02,6.35,6.3,624.74,669.98,582.80
8/29/1997,899.47,324.01,1421.71,6.34,6.69,6.61,613.36,649.17,563.20
9/30/1997,947.28,322.82,1425.53,6.12,6.47,6.41,626.60,668.86,581.50
10/31/1997,914.62,324.87,1464.22,5.84,6.21,6.15,643.03,692.53,605.77
11/28/1997,955.4,306.04,1419.32,5.86,6.12,6.04,645.11,703.20,618.10
12/31/1997,970.43,288.74,1306.04,5.75,6.02,5.93,653.55,714.87,630.74
1/30/1998,980.28,289.1,1168.26,5.53,5.88,5.82,667.65,730.18,643.71
2/27/1998,1049.34,297.49,1127.06,5.62,5.99,5.92,666.12,724.45,637.88
3/31/1998,1101.75,295.94,1078.43,5.67,6.02,5.94,666.65,725.47,639.17
4/30/1998,1111.75,308.29,1090.69,5.68,6.04,5.95,669.22,727.35,641.36
5/29/1998,1090.82,299.1,1127.89,5.56,5.9,5.81,678.44,742.91,657.37
6/30/1998,1133.84,292.32,1055.1,5.44,5.73,5.62,687.75,761.60,678.94
7/31/1998,1120.67,292.87,1070.23,5.5,5.81,5.72,687.66,758.04,672.48
8/31/1998,957.28,284.11,1058.31,5.05,5.45,5.3,715.31,795.58,720.24
9/30/1998,1017.01,288.98,1100.41,4.44,5.17,4.98,754.20,827.32,760.68
10/30/1998,1098.67,295.93,1107.37,4.64,5.38,5.15,745.09,810.04,744.58
11/30/1998,1163.63,294.12,1064.55,4.74,5.33,5.08,742.06,818.55,755.77
12/31/1998,1229.23,291.68,973.3,4.65,5.39,5.09,750.24,816.17,757.74
1/29/1999,1279.64,287.08,1002.36,4.66,5.35,5.09,752.50,823.74,760.88
2/26/1999,1238.33,287.33,957.03,5.29,5.85,5.57,719.99,781.10,714.47
3/31/1999,1286.37,285.96,1077.18,5.25,5.92,5.63,725.31,778.48,711.58
4/30/1999,1335.18,282.62,1202.88,5.36,5.94,5.68,722.33,780.42,709.77
5/31/1999,1301.84,276.44,1217.63,5.64,6.15,5.84,710.38,765.78,697.39
6/30/1999,1372.71,261.31,1211.91,5.81,6.29,5.98,704.64,757.63,687.39
7/30/1999,1328.72,256.08,1312.56,5.92,6.4,6.11,702.21,752.25,678.71
8/31/1999,1320.41,256.69,1390.41,5.98,6.49,6.07,702.45,748.67,685.82
9/30/1999,1282.71,264.74,1503.44,5.9,6.47,6.06,710.08,754.28,690.14
10/29/1999,1362.93,310.72,1487.35,6.02,6.52,6.16,707.18,754.06,684.26
11/30/1999,1389.07,293.18,1538.33,6.18,6.62,6.29,702.35,749.81,675.93
12/31/1999,1469.25,283.07,1553.61,6.45,6.83,6.48,692.22,737.07,662.87
1/31/2000,1394.46,284.32,1559.88,6.68,6.72,6.49,684.47,750.07,665.48
2/29/2000,1366.42,299.86,1614.98,6.42,6.46,6.15,701.31,776.31,701.10
3/31/2000,1498.58,286.39,1624.02,6.03,6.2,5.84,725.64,803.81,736.41
4/28/2000,1452.43,279.69,1512.89,6.23,6.31,5.97,718.61,797.97,726.84
5/31/2000,1420.64,275.19,1653.52,6.29,6.42,6.02,719.08,792.32,725.37
6/30/2000,1454.6,285.73,1720.96,6.03,6.26,5.9,736.80,810.98,741.27
7/31/2000,1430.83,281.59,1664.28,6.04,6.13,5.79,739.86,827.27,756.53
8/31/2000,1517.68,274.47,1698.67,5.73,5.96,5.67,761.01,847.92,773.31
9/29/2000,1436.51,273.68,1826.82,5.8,6.13,5.88,760.56,835.76,754.73
10/31/2000,1429.39,270,1851.83,5.77,6.02,5.79,765.86,850.61,768.06
11/30/2000,1314.95,266.01,1837.91,5.48,5.78,5.6,786.60,879.25,793.29
12/29/2000,1320.28,271.45,1582.76,5.12,5.59,5.46,812.43,903.66,813.50
1/31/2001,1367.11,265.49,1606.1,5.19,5.65,5.54,811.44,901.35,807.75
2/28/2001,1236.81,261.87,1671.27,4.92,5.51,5.34,832.23,920.84,836.07
3/30/2001,1160.33,263.03,1616.59,4.93,5.6,5.46,834.91,915.14,825.22
4/30/2001,1249.46,260.48,1629.12,5.35,5.92,5.78,811.91,886.13,793.02
5/31/2001,1255.82,272.36,1697.02,5.43,5.95,5.78,810.50,887.31,796.74
6/29/2001,1224.79,270.23,1676.94,5.42,5.91,5.75,814.70,895.73,803.89
7/31/2001,1211.23,267.53,1591.54,5.07,5.61,5.51,840.81,932.88,836.71
8/31/2001,1133.58,272.39,1620.71,4.85,5.47,5.39,858.96,953.08,855.56
9/28/2001,1040.17,283.42,1604.31,4.6,5.45,5.42,879.62,959.63,855.54
10/31/2001,1059.01,283.06,1427.55,4.3,5.05,4.89,904.49,1013.47,935.71
11/30/2001,1137.88,276.16,1351.41,4.78,5.54,5.27,874.25,960.45,888.93
12/31/2001,1148.08,275.85,1355.61,5.07,5.74,5.48,858.23,942.47,866.18
1/31/2002,1130.21,281.51,1393.69,5.07,5.68,5.44,861.78,953.61,875.17
2/28/2002,1106.73,295.5,1421.15,4.88,5.61,5.54,878.29,966.02,866.48
3/29/2002,1147.39,294.06,1589.37,5.42,6.03,5.91,846.45,925.23,827.71
4/30/2002,1076.92,302.68,1650.88,5.11,5.74,5.72,870.83,962.18,854.67
5/31/2002,1067.14,314.49,1657.34,5.08,5.77,5.75,876.48,963.27,855.01
6/28/2002,989.82,321.18,1654.52,4.86,5.65,5.7,895.40,981.67,865.15
7/31/2002,911.62,313.29,1715.25,4.51,5.41,5.51,924.37,1015.32,893.76
8/30/2002,916.07,310.26,1748.73,4.14,5.06,5.11,956.04,1065.47,955.40
9/30/2002,815.28,319.14,1850.55,3.63,4.75,4.88,1000.87,1113.32,994.95
10/31/2002,885.76,316.56,1825.33,3.93,5.03,5.28,979.57,1079.53,942.60
11/29/2002,936.31,319.07,1715.75,4.22,5.18,5.23,960.06,1064.18,953.80
12/31/2002,879.82,331.92,1811.48,3.83,4.83,5.03,994.82,1117.50,988.07
1/31/2003,855.7,356.859,1901.14,4,4.93,5.03,984.23,1107.91,992.12
2/28/2003,841.15,358.97,1987.39,3.71,4.7,4.9,1011.45,1145.82,1016.73
3/31/2003,848.18,340.55,1861.18,3.83,4.84,5.07,1004.58,1130.04,994.93
4/30/2003,916.92,328.18,1694.14,3.89,4.79,5,1002.79,1141.75,1009.91
5/30/2003,963.59,355.683,1752.44,3.37,4.36,4.59,1051.06,1213.71,1085.25
6/30/2003,974.5,356.352,1784.13,3.54,4.52,4.81,1039.15,1192.99,1052.82
7/31/2003,990.31,351.02,1828.9,4.49,5.43,5.56,966.91,1075.84,953.80
8/29/2003,1008.01,359.768,1903.25,4.45,5.33,5.3,973.56,1093.83,996.48
9/30/2003,995.97,378.945,1830.02,3.96,4.91,5.07,1017.10,1158.74,1037.06
10/31/2003,1050.71,378.92,1939.19,4.33,5.2,5.28,990.65,1122.91,1009.68
11/28/2003,1058.2,389.91,1993.16,4.34,5.2,5.23,993.36,1127.66,1021.67
12/31/2003,1111.92,406.953,2038.22,4.27,5.1,5.23,1002.51,1146.59,1026.02
1/30/2004,1131.13,413.788,2101.56,4.16,5,5.11,1015.01,1165.86,1049.50
2/27/2004,1144.94,404.878,2109.95,3.99,4.85,5.01,1032.69,1193.13,1070.29
3/31/2004,1126.21,406.667,2232.63,3.86,4.77,4.93,1047.18,1210.14,1088.16
4/30/2004,1107.3,403.26,2234.31,4.53,5.31,5.39,996.36,1138.52,1023.13
5/31/2004,1120.68,383.779,2318.66,4.66,5.39,5.42,989.85,1132.45,1023.10
6/30/2004,1140.84,392.373,2256.72,4.62,5.33,5.41,996.76,1145.75,1029.13
7/30/2004,1101.72,398.091,2294.27,4.5,5.24,5.31,1010.12,1163.50,1049.22
8/31/2004,1104.24,400.51,2412.54,4.13,4.93,5.01,1044.74,1215.19,1104.42
9/30/2004,1114.58,405.275,2338.18,4.14,4.89,4.97,1047.42,1226.25,1115.82
10/29/2004,1130.2,420.464,2442.77,4.05,4.79,4.87,1058.69,1246.94,1138.10
11/30/2004,1173.82,439.375,2375.78,4.36,5.03,5.07,1036.21,1215.10,1108.70
12/31/2004,1211.92,442.079,2360.27,4.24,4.85,4.86,1050.01,1248.31,1150.96
1/31/2005,1181.27,424.03,2487.79,4.14,4.64,4.62,1062.22,1287.78,1201.73
2/28/2005,1203.6,423.35,2609.15,4.36,4.79,4.71,1047.24,1268.29,1189.21
3/31/2005,1180.59,433.85,2809.77,4.5,4.88,4.76,1039.34,1258.88,1184.40
4/29/2005,1156.85,429.233,2827.28,4.21,4.61,4.53,1067.90,1309.00,1235.00
5/31/2005,1191.5,421.873,2744.35,4,4.4,4.36,1090.10,1350.90,1275.44
6/30/2005,1191.33,430.657,2972.92,3.94,4.28,4.19,1099.04,1377.62,1317.82
7/29/2005,1234.18,424.479,3026.54,4.28,4.56,4.42,1072.94,1333.39,1274.01
8/31/2005,1220.33,437.93,3164.97,4.02,4.3,4.23,1099.76,1385.59,1320.76
9/30/2005,1228.81,456.048,3207.57,4.34,4.62,4.53,1075.51,1334.55,1263.62
10/31/2005,1207.01,469.898,3171.43,4.57,4.84,4.73,1059.86,1302.93,1229.20
11/30/2005,1249.48,476.666,3110.32,4.49,4.81,4.66,1070.61,1313.07,1247.91
12/30/2005,1248.29,510.097,3248.03,4.39,4.61,4.51,1083.17,1352.87,1283.97
1/31/2006,1280.08,549.864,3492.53,4.53,4.74,4.69,1075.05,1335.65,1252.68
2/28/2006,1280.66,554.995,3531.35,4.55,4.7,4.51,1077.31,1347.72,1295.36
3/31/2006,1294.81,557.093,3535.36,4.86,5.07,4.9,1055.50,1292.60,1225.61
4/28/2006,1310.61,610.653,3902.25,5.07,5.31,5.17,1042.63,1260.75,1182.23
5/31/2006,1270.09,675.393,4087.63,5.12,5.35,5.21,1042.90,1260.07,1180.11
6/30/2006,1270.2,596.145,3986.96,5.15,5.31,5.19,1044.83,1271.74,1188.69
7/31/2006,1276.66,633.71,4175,4.99,5.17,5.07,1062.35,1299.52,1215.96
8/31/2006,1303.81,632.593,4121.87,4.74,4.95,4.88,1087.88,1341.70,1258.17
9/29/2006,1335.85,598.186,3814.06,4.64,4.84,4.77,1100.75,1366.06,1285.49
10/31/2006,1377.93,585.78,3760.49,4.61,4.81,4.72,1107.54,1376.69,1300.83
11/30/2006,1400.63,627.827,3828.73,4.46,4.66,4.56,1125.09,1409.11,1340.50
12/29/2006,1418.3,629.791,3884.77,4.71,4.91,4.81,1107.23,1370.86,1294.49
1/31/2007,1438.24,631.166,3585.69,4.83,5.02,4.93,1101.10,1357.63,1275.79
2/28/2007,1406.81,664.745,3757.39,4.56,4.78,4.68,1129.41,1405.69,1333.95
3/30/2007,1420.86,654.895,3887.14,4.65,4.92,4.84,1125.59,1386.60,1306.24
4/30/2007,1482.37,679.368,4122.96,4.63,4.88,4.81,1131.65,1399.22,1317.61
5/31/2007,1530.62,667.31,4154.2,4.9,5.1,5.01,1112.30,1367.18,1283.26
6/29/2007,1503.35,655.66,4256.7,5.03,5.21,5.12,1105.56,1354.48,1267.31
7/31/2007,1455.27,665.38,4445.04,4.78,5,4.92,1132.12,1396.56,1313.26
8/31/2007,1473.99,665.411,4380.25,4.54,4.87,4.83,1158.42,1425.54,1337.40
9/28/2007,1526.75,712.653,4742.94,4.59,4.89,4.83,1158.12,1427.59,1342.66
10/31/2007,1549.38,754.604,4949.67,4.48,4.79,4.74,1172.70,1451.68,1367.45
11/30/2007,1481.14,806.248,5269.91,3.97,4.44,4.4,1227.16,1526.26,1453.82
12/31/2007,1468.36,803.203,5291.45,4.04,4.5,4.45,1224.16,1519.86,1447.16
1/31/2008,1378.55,889.595,5435.81,3.67,4.35,4.35,1266.51,1556.08,1476.92
2/29/2008,1330.63,922.298,5739.96,3.53,4.37,4.41,1285.25,1557.50,1467.64
3/31/2008,1322.7,968.434,6079.16,3.45,4.3,4.3,1297.64,1577.68,1500.46
4/30/2008,1385.59,909.705,6118.63,3.77,4.49,4.49,1267.52,1544.57,1460.35
5/30/2008,1400.38,888.663,6537.72,4.06,4.74,4.72,1241.89,1501.74,1413.92
6/30/2008,1280,889.488,6869.01,3.99,4.59,4.53,1253.15,1537.20,1464.47
7/31/2008,1267.38,939.772,7018.35,3.99,4.63,4.59,1257.24,1535.02,1455.77
8/29/2008,1282.83,839.025,6270,3.83,4.47,4.43,1278.06,1573.52,1500.63
9/30/2008,1166.36,829.932,5582.4,3.85,4.43,4.31,1279.96,1587.58,1536.78
10/31/2008,968.75,806.62,4291.76,4.01,4.74,4.35,1267.39,1531.85,1532.02
11/28/2008,896.24,760.863,3529.52,2.93,3.71,3.45,1395.74,1779.40,1835.44
12/31/2008,903.25,816.092,3082.41,2.25,3.05,2.69,1486.56,1970.19,2172.47
1/30/2009,825.88,858.69,3328.28,2.87,3.86,3.58,1412.13,1769.94,1878.85
2/27/2009,735.09,943,3240.9,3.02,3.98,3.71,1397.43,1746.74,1841.37
3/31/2009,797.87,924.273,3375.67,2.71,3.61,3.56,1439.20,1846.94,1898.98
4/30/2009,872.81,890.2,3628.25,3.16,4.1,4.05,1388.47,1734.95,1756.59
5/29/2009,919.14,928.645,4030.54,3.47,4.34,4.34,1356.52,1686.63,1681.25
6/30/2009,919.32,945.67,4541.72,3.53,4.3,4.32,1353.59,1701.63,1692.86
7/31/2009,987.48,934.228,4336.08,3.52,4.29,4.31,1358.64,1709.88,1701.67
8/31/2009,1020.62,949.375,4709.76,3.4,4.14,4.18,1376.37,1750.99,1746.07
9/30/2009,1057.08,996.591,4557.11,3.31,4.02,4.03,1390.73,1785.91,1798.51
10/30/2009,1036.19,1043.159,4843.38,3.41,4.19,4.23,1382.86,1751.54,1745.55
11/30/2009,1095.63,1127.036,5122.16,3.21,4.07,4.2,1410.46,1786.42,1760.52
12/31/2009,1115.1,1134.724,5100.4,3.85,4.58,4.63,1342.14,1679.04,1652.33
1/29/2010,1073.87,1117.963,5189.99,3.63,4.38,4.51,1371.22,1730.52,1691.60
2/26/2010,1104.49,1095.413,4967.5,3.61,4.4,4.55,1377.58,1732.15,1686.88
3/31/2010,1169.43,1113.337,5122.95,3.84,4.55,4.72,1355.85,1704.93,1648.53
4/30/2010,1186.69,1148.688,5344.64,3.69,4.36,4.53,1377.11,1754.91,1707.46
5/31/2010,1089.41,1205.434,5021.71,3.31,4.05,4.22,1426.34,1837.25,1807.78
6/30/2010,1030.71,1232.92,4823.77,2.97,3.74,3.91,1472.61,1925.24,1917.56
7/30/2010,1101.6,1192.966,4938.22,2.94,3.74,3.98,1480.02,1931.14,1900.59
8/31/2010,1049.33,1215.81,5230.32,2.47,3.23,3.52,1546.33,2087.98,2081.14
9/30/2010,1141.2,1270.977,5431.81,2.53,3.38,3.69,1541.35,2048.87,2025.15
10/29/2010,1183.26,1342.024,5747.21,2.63,3.64,3.99,1531.16,1981.08,1930.77
11/30/2010,1180.55,1369.886,5926.16,2.81,3.8,4.12,1510.80,1943.49,1894.98
12/31/2010,1257.64,1390.553,6271.4,3.3,4.13,4.34,1453.18,1865.30,1834.18
1/31/2011,1286.12,1360.46,6477.26,3.42,4.33,4.58,1442.54,1822.88,1771.86
2/28/2011,1327.22,1374.68,6882.44,3.42,4.25,4.49,1446.59,1848.98,1804.99
3/31/2011,1325.83,1423.26,7140.79,3.47,4.29,4.51,1444.59,1845.58,1805.72
4/29/2011,1363.61,1480.89,7502.64,3.32,4.15,4.4,1467.15,1887.36,1845.84
5/31/2011,1345.2,1512.58,7203.43,3.05,3.91,4.22,1505.52,1957.53,1910.32
6/30/2011,1320.64,1529.36,7112.86,3.18,4.09,4.38,1492.75,1916.73,1867.41
7/29/2011,1292.28,1572.75,7235.49,2.82,3.77,4.12,1544.02,2011.18,1960.75
8/31/2011,1218.89,1759.01,7153.37,2.23,3.19,3.6,1631.26,2197.89,2170.43
9/30/2011,1131.42,1772.14,7093.99,1.92,2.66,2.9,1680.78,2392.24,2522.53
10/31/2011,1253.3,1666.43,6751.44,2.17,2.89,3.16,1646.33,2316.10,2408.29
11/30/2011,1246.96,1739,6931.94,2.08,2.77,3.06,1662.65,2364.53,2462.51
12/30/2011,1257.6,1639.97,6745.32,1.89,2.57,2.89,1694.45,2444.88,2555.18
1/31/2012,1312.41,1654.05,6938.36,1.83,2.59,2.94,1706.37,2442.48,2536.15
2/29/2012,1365.68,1744.82,7251.56,1.98,2.73,3.08,1686.01,2395.93,2474.96
3/30/2012,1408.47,1675.95,7477.89,2.23,3,3.35,1651.64,2306.94,2361.61
4/30/2012,1397.91,1649.2,7204.12,1.95,2.73,3.12,1697.10,2410.51,2478.07
5/31/2012,1310.33,1589.04,6765.98,1.59,2.27,2.67,1757.15,2601.05,2735.49
6/29/2012,1362.16,1598.76,6287.94,1.67,2.38,2.76,1746.61,2561.07,2692.43
7/31/2012,1379.32,1594.29,6704.52,1.51,2.21,2.56,1775.08,2637.29,2815.73
8/31/2012,1406.58,1630.31,7068.46,1.57,2.29,2.68,1767.51,2608.65,2754.08
9/28/2012,1440.67,1744.81,7284.24,1.65,2.42,2.82,1756.87,2560.71,2684.68
10/31/2012,1412.16,1746.58,7114.18,1.72,2.46,2.85,1748.06,2549.77,2674.83
11/30/2012,1416.18,1721.64,6988.81,1.62,2.37,2.81,1766.70,2591.63,2702.87
12/31/2012,1426.19,1684.762,6943.9,1.78,2.54,2.95,1743.49,2529.03,2636.22
1/31/2013,1498.11,1671.847826,6961.07,2.02,2.79,3.17,1708.79,2440.13,2535.55
2/28/2013,1514.68,1627.57,7040.86,1.89,2.71,3.1,1731.93,2475.94,2577.12
3/29/2013,1569.19,1593.08619,6722.52,1.87,2.71,3.1,1737.78,2481.46,2583.68
4/30/2013,1597.57,1487.857273,6480.58,1.7,2.49,2.88,1767.76,2574.34,2708.98
5/31/2013,1630.74,1414.026957,6358.32,2.16,2.95,3.3,1699.15,2409.17,2516.54
6/28/2013,1606.28,1343.35,6311.02,2.52,3.22,3.52,1649.37,2321.97,2425.28
7/31/2013,1685.73,1285.515652,6347.54,2.6,3.34,3.64,1641.28,2288.13,2380.53
8/30/2013,1632.97,1351.741818,6560.97,2.78,3.46,3.7,1619.39,2255.43,2362.15
9/30/2013,1681.55,1348.6,6646.56,2.64,3.41,3.69,1643.04,2278.16,2373.58
10/31/2013,1756.54,1316.58,6618.78,2.57,3.33,3.63,1656.73,2311.18,2406.93
11/29/2013,1805.81,1275.86,6510.34,2.75,3.54,3.82,1634.55,2249.65,2335.45
12/31/2013,1848.36,1221.511905,6524.32,3.04,3.72,3.96,1598.22,2200.32,2286.98
1/31/2014,1782.59,1244.27,6385.24,2.67,3.35,3.61,1654.76,2328.93,2449.25
2/28/2014,1859.45,1299.58,6455.18,2.66,3.31,3.59,1659.84,2348.93,2465.49
3/31/2014,1872.34,1336.08,6536.06,2.73,3.31,3.56,1653.41,2355.31,2486.39
4/30/2014,1883.95,1298.45,6586.32,2.67,3.22,3.47,1665.80,2393.05,2535.83
5/30/2014,1923.57,1288.74,6644.04,2.48,3.05,3.33,1697.61,2460.89,2611.80
6/30/2014,1960.23,1279.1,6693.48,2.53,3.08,3.34,1693.64,2456.12,2614.03
7/31/2014,1930.67,1310.59,6583.47,2.58,3.07,3.32,1689.76,2465.99,2631.11
8/29/2014,2003.37,1295.13,6402.99,2.35,2.83,3.09,1728.21,2564.11,2761.30
9/30/2014,1972.29,1236.55,6108.5,2.52,2.98,3.21,1705.95,2513.24,2706.23
10/31/2014,2018.05,1222.49,5737.29,2.35,2.81,3.07,1735.42,2585.44,2789.31
11/28/2014,2067.56,1175.33,5389.76,2.18,2.62,2.89,1765.39,2668.85,2900.26
12/31/2014,2058.9,1200.62,4774.06,2.17,2.47,2.75,1770.14,2738.37,2992.14
1/30/2015,1994.99,1250.75,4083.24,1.68,2.04,2.25,1854.82,2944.37,3362.64
2/27/2015,2104.5,1227.08,4520.31,2,2.38,2.6,1804.71,2795.81,3143.22
3/31/2015,2067.89,1178.63,4430.94,1.94,2.31,2.54,1817.52,2832.70,3189.90
4/30/2015,2085.51,1198.93,4613.16,2.05,2.49,2.75,1802.54,2759.50,3066.29
5/29/2015,2107.39,1198.63,4818.56,2.12,2.63,2.88,1794.31,2706.15,2995.61
6/30/2015,2063.11,1181.5,4674.06,2.35,2.83,3.11,1761.28,2631.29,2874.86
7/31/2015,2103.84,1128.31,4372.83,2.2,2.61,2.92,1788.47,2729.00,2995.00
8/31/2015,1972.18,1117.93,3882.04,2.21,2.64,2.95,1790.12,2722.24,2984.50
9/30/2015,1920.03,1124.77,3807.86,2.06,2.51,2.87,1817.72,2784.21,3040.32
10/30/2015,2079.36,1159.25,3846.19,2.16,2.57,2.93,1804.63,2764.12,3011.68
11/30/2015,2080.41,1086.44,3604.41,2.21,2.63,2.98,1799.81,2744.44,2989.51
12/31/2015,2043.94,1075.74,3272.01,2.27,2.67,3.01,1793.51,2733.52,2979.30
1/29/2016,1940.24,1097.91,2877.8,1.94,2.36,2.75,1851.32,2877.91,3152.74
2/29/2016,1932.23,1199.5,3060.59,1.74,2.19,2.61,1888.48,2963.67,3254.06
3/31/2016,2059.74,1245.14,3428.2,1.78,2.2,2.61,1884.32,2964.25,3261.06
4/29/2016,2065.3,1242.26,3655.42,1.83,2.26,2.66,1878.54,2941.30,3234.87
5/31/2016,2096.96,1260.95,3884.53,1.84,2.23,2.64,1879.67,2961.00,3255.36
6/30/2016,2098.86,1276.4,4021.66,1.49,1.86,2.3,1944.52,3155.16,3520.37
7/29/2016,2173.6,1336.66,3854.49,1.46,1.78,2.18,1952.34,3202.65,3622.41
8/31/2016,2170.95,1340.17,3899.91,1.58,1.9,2.23,1933.24,3144.40,3589.93
9/30/2016,2168.27,1326.61,3886.31,1.6,1.99,2.32,1932.21,3103.22,3528.44
10/31/2016,2126.15,1266.55,4102.57,1.84,2.25,2.58,1893.10,2982.12,3355.17
11/30/2016,2198.81,1238.35,3932.15,2.37,2.73,3.02,1809.46,2777.89,3097.37
12/30/2016,2238.83,1157.36,4302.64,2.45,2.79,3.06,1800.28,2758.86,3081.04
1/31/2017,2278.87,1192.1,4439.19,2.45,2.78,3.05,1803.92,2769.41,3094.83
2/28/2017,2363.64,1234.2,4520.98,2.36,2.7,2.97,1822.01,2810.06,3152.30
3/31/2017,2362.72,1231.42,4361.64,2.4,2.76,3.02,1819.12,2790.66,3129.34
4/28/2017,2384.2,1266.88,4450.77,2.29,2.67,2.96,1840.61,2836.05,3174.72
5/31/2017,2411.8,1246.04,4375.44,2.21,2.6,2.87,1857.29,2873.29,3240.70
6/30/2017,2423.41,1260.26,4208.31,2.31,2.61,2.84,1844.26,2874.99,3268.01
7/31/2017,2470.3,1236.84,4324.38,2.3,2.66,2.89,1849.41,2859.09,3243.34
8/31/2017,2471.65,1283.04,4420.93,2.12,2.47,2.73,1883.04,2952.19,3360.41
9/29/2017,2519.36,1314.07,4654.66,2.33,2.63,2.86,1851.61,2886.18,3282.69
10/31/2017,2575.26,1279.51,4737.67,2.38,2.66,2.88,1847.00,2879.11,3277.33
11/30/2017,2647.58,1281.9,4980.7,2.42,2.65,2.83,1844.11,2889.87,3318.41
12/29/2017,2673.61,1264.45,5009.73,2.4,2.58,2.74,1851.05,2927.83,3388.10
1/31/2018,2823.81,1331.3,5302.74,2.72,2.83,2.95,1803.97,2825.40,3260.63
2/28/2018,2713.83,1330.73,5169.67,2.87,3.02,3.13,1784.81,2753.22,3158.81
3/30/2018,2640.87,1324.66,5153.46,2.74,2.85,2.97,1809.32,2832.14,3270.00
4/30/2018,2648.05,1334.76,5477.12,2.95,3.01,3.11,1781.05,2772.05,3191.49
5/31/2018,2705.27,1303.45,5680.44,2.83,2.91,3,1803.98,2821.10,3270.27
6/29/2018,2718.37,1281.57,5659.59,2.85,2.91,2.98,1805.06,2827.85,3291.30
7/31/2018,2816.29,1237.71,5524.27,2.96,3.03,3.08,1792.31,2784.55,3236.46
8/31/2018,2901.52,1201.71,5511.07,2.86,2.95,3.02,1812.24,2825.20,3283.24
9/28/2018,2913.98,1198.39,5617.86,3.05,3.13,3.19,1787.29,2758.11,3187.57
10/31/2018,2711.74,1215.39,5745.26,3.15,3.3,3.39,1776.62,2698.00,3080.82
11/30/2018,2760.17,1220.65,5145.53,3.01,3.19,3.3,1802.70,2749.38,3142.81
12/31/2018,2506.85,1250.4,4807.71,2.69,2.87,3.02,1858.25,2893.66,3333.64
1/31/2019,2704.1,1291.75,4928.45,2.63,2.83,2.99,1872.14,2918.15,3361.75
2/28/2019,2784.49,1320.07,5235.91,2.73,2.94,3.09,1859.99,2877.15,3305.84
3/29/2019,2834.4,1300.9,5314.57,2.41,2.63,2.81,1917.62,3026.09,3511.76
4/30/2019,2945.83,1285.91,5462.4,2.51,2.75,2.93,1904.65,2977.69,3438.16
5/31/2019,2752.06,1283.7,5332.4,2.14,2.39,2.58,1972.90,3159.77,3715.71
6/28/2019,2941.76,1359.04,5046.6,2,2.31,2.52,2001.48,3206.61,3770.96
7/31/2019,2980.38,1412.89,5107.26,2.02,2.31,2.53,2001.18,3212.71,3770.91
8/30/2019,2926.46,1500.41,4884.35,1.5,1.78,1.96,2103.36,3518.79,4336.86
9/30/2019,2976.74,1510.58,5016.21,1.68,1.94,2.12,2071.57,3432.43,4196.51
10/31/2019,3037.56,1494.81,4955.39,1.69,2,2.17,2072.55,3404.31,4158.32
11/29/2019,3140.98,1470.79,5108.97,1.78,2.07,2.21,2058.51,3371.32,4129.78
12/31/2019,3230.78,1479.13,5257.19,1.92,2.25,2.39,2035.62,3281.43,3985.29
1/31/2020,3225.52,1560.67,5302.74,1.51,1.83,1.99,2117.65,3526.71,4389.04
2/28/2020,2954.22,1597.1,4819.17,1.13,1.46,1.65,2197.66,3765.75,4783.51
3/31/2020,2584.59,1591.93,3731.33,0.7,1.15,1.35,2292.86,3984.67,5179.22
4/30/2020,2912.43,1683.17,3099,0.64,1.05,1.28,2307.54,4060.89,5277.33
5/29/2020,3044.31,1715.91,3702.82,0.65,1.18,1.41,2306.54,3971.82,5122.76
6/30/2020,3100.29,1732.22,4287.75,0.66,1.18,1.41,2305.56,3975.70,5128.74
7/31/2020,3271.12,1846.51,4436.97,0.55,0.98,1.2,2331.61,4126.53,5426.59
8/31/2020,3500.31,1968.63,4627.06,0.72,1.26,1.49,2294.83,3931.76,5087.33
9/30/2020,3363,1921.92,4536.01,0.69,1.23,1.46,2302.85,3956.78,5130.93
10/30/2020,3269.96,1900.27,4505.24,0.88,1.43,1.65,2262.79,3826.25,4920.06
11/30/2020,3621.63,1866.3,4765.2,0.84,1.37,1.58,2273.12,3871.06,5010.55
12/31/2020,3756.07,1858.42,5268.51,0.93,1.45,1.65,2255.30,3822.27,4936.08
1/29/2021,3714.24,1866.98,5636.8,1.11,1.68,1.87,2219.08,3681.34,4709.09
2/26/2021,3811.15,1808.17,6009.21,1.44,2.08,2.17,2154.29,3455.61,4428.74
3/31/2021,3972.89,1718.23,6167.13,1.74,2.31,2.41,2098.67,3337.55,4222.91
4/30/2021,4181.17,1760.04,6286.93,1.65,2.19,2.3,2119.11,3409.22,4334.15
5/31/2021,4204.11,1850.26,6524.49,1.58,2.18,2.26,2135.73,3420.89,4380.35
6/30/2021,4297.5,1834.57,6810.3,1.45,2,2.06,2164.45,3529.86,4593.69
